word,category,weight
abandon,sad,2
abandoned,sad,2
abandons,sad,2
abducted,sad,2
abduction,sad,2
abductions,sad,2
abhor,sad,3
abhorred,sad,3
abhorrent,sad,3
abhors,sad,3
abilities,happy,2
ability,happy,2
aboard,happy,1
absentee,sad,1
absentees,sad,1
absolve,happy,2
absolved,happy,2
absolves,happy,2
absolving,happy,2
absorbed,happy,1
abuse,sad,3
abused,sad,3
abuses,sad,3
abusive,sad,3
accept,happy,1
accepted,happy,1
accepting,happy,1
accepts,happy,1
accident,sad,2
accidental,sad,2
accidentally,sad,2
accidents,sad,2
accomplish,happy,2
accomplished,happy,2
accomplishes,happy,2
accusation,sad,2
accusations,sad,2
accuse,sad,2
accused,sad,2
accuses,sad,2
accusing,sad,2
ache,sad,2
achievable,happy,1
aching,sad,2
acquit,happy,2
acquits,happy,2
acquitted,happy,2
acquitting,happy,2
acrimonious,sad,3
active,happy,1
adequate,happy,1
admire,happy,3
admired,happy,3
admires,happy,3
admiring,happy,3
admit,sad,1
admits,sad,1
admitted,sad,1
admonish,sad,2
admonished,sad,2
adopt,happy,1
adopts,happy,1
adorable,happy,3
adore,happy,3
adored,happy,3
adores,happy,3
advanced,happy,1
advantage,happy,2
advantages,happy,2
adventure,happy,2
adventures,happy,2
adventurous,happy,2
affected,sad,1
affection,happy,3
affectionate,happy,3
afflicted,sad,1
affronted,sad,1
afraid,sad,2
aggravate,sad,2
aggravated,sad,2
aggravates,sad,2
aggravating,sad,2
aggression,sad,2
aggressions,sad,2
aggressive,sad,2
aghast,sad,2
agog,happy,2
agonise,sad,3
agonised,sad,3
agonises,sad,3
agonising,sad,3
agonize,sad,3
agonized,sad,3
agonizes,sad,3
agonizing,sad,3
agree,happy,1
agreeable,happy,2
agreed,happy,1
agreement,happy,1
agrees,happy,1
alarm,sad,2
alarmed,sad,2
alarmist,sad,2
alarmists,sad,2
alas,sad,1
alert,sad,1
alienation,sad,2
alive,happy,1
allergic,sad,2
allow,happy,1
alone,sad,2
amaze,happy,2
amazed,happy,2
amazes,happy,2
amazing,happy,4
ambitious,happy,2
ambivalent,sad,1
amuse,happy,3
amused,happy,3
amusement,happy,3
amusements,happy,3
anger,sad,3
angers,sad,3
angry,sad,3
anguish,sad,3
anguished,sad,3
animosity,sad,2
annoy,sad,2
annoyance,sad,2
annoyed,sad,2
annoying,sad,2
annoys,sad,2
antagonistic,sad,2
anti,sad,1
anticipation,happy,1
anxiety,sad,2
anxious,sad,2
apathetic,sad,3
apathy,sad,3
apeshit,sad,3
apocalyptic,sad,2
apologise,sad,1
apologised,sad,1
apologises,sad,1
apologising,sad,1
apologize,sad,1
apologized,sad,1
apologizes,sad,1
apologizing,sad,1
apology,sad,1
appalled,sad,2
appalling,sad,2
appease,happy,2
appeased,happy,2
appeases,happy,2
appeasing,happy,2
applaud,happy,2
applauded,happy,2
applauding,happy,2
applauds,happy,2
applause,happy,2
appreciate,happy,2
appreciated,happy,2
appreciates,happy,2
appreciating,happy,2
appreciation,happy,2
apprehensive,sad,2
approval,happy,2
approved,happy,2
approves,happy,2
ardent,happy,1
arrest,sad,2
arrested,sad,3
arrests,sad,2
arrogant,sad,2
ashame,sad,2
ashamed,sad,2
ass,sad,4
assassination,sad,3
assassinations,sad,3
asset,happy,2
assets,happy,2
assfucking,sad,4
asshole,sad,4
astonished,happy,2
astound,happy,3
astounded,happy,3
astounding,happy,3
astoundingly,happy,3
astounds,happy,3
attack,sad,1
attacked,sad,1
attacking,sad,1
attacks,sad,1
attract,happy,1
attracted,happy,1
attracting,happy,2
attraction,happy,2
attractions,happy,2
attracts,happy,1
audacious,happy,3
authority,happy,1
avert,sad,1
averted,sad,1
averts,sad,1
avid,happy,2
avoid,sad,1
avoided,sad,1
avoids,sad,1
await,sad,1
awaited,sad,1
awaits,sad,1
award,happy,3
awarded,happy,3
awards,happy,3
awesome,happy,4
awful,sad,3
awkward,sad,2
axe,sad,1
axed,sad,1
backed,happy,1
backing,happy,2
backs,happy,1
bad,sad,3
badass,sad,3
badly,sad,3
bailout,sad,2
bamboozle,sad,2
bamboozled,sad,2
bamboozles,sad,2
ban,sad,2
banish,sad,1
bankrupt,sad,3
bankster,sad,3
banned,sad,2
bargain,happy,2
barrier,sad,2
bastard,sad,5
bastards,sad,5
battle,sad,1
battles,sad,1
beaten,sad,2
beatific,happy,3
beating,sad,1
beauties,happy,3
beautiful,happy,3
beautifully,happy,3
beautify,happy,3
belittle,sad,2
belittled,sad,2
beloved,happy,3
benefit,happy,2
benefits,happy,2
benefitted,happy,2
benefitting,happy,2
bereave,sad,2
bereaved,sad,2
bereaves,sad,2
bereaving,sad,2
best,happy,3
betray,sad,3
betrayal,sad,3
betrayed,sad,3
betraying,sad,3
betrays,sad,3
better,happy,2
bias,sad,1
biased,sad,2
big,happy,1
bitch,sad,5
bitches,sad,5
bitter,sad,2
bitterly,sad,2
bizarre,sad,2
blah,sad,2
blame,sad,2
blamed,sad,2
blames,sad,2
blaming,sad,2
bless,happy,2
blesses,happy,2
blessing,happy,3
blind,sad,1
bliss,happy,3
blissful,happy,3
blithe,happy,2
block,sad,1
blockbuster,happy,3
blocked,sad,1
blocking,sad,1
blocks,sad,1
bloody,sad,3
blurry,sad,2
boastful,sad,2
bold,happy,2
boldly,happy,2
bomb,sad,1
boost,happy,1
boosted,happy,1
boosting,happy,1
boosts,happy,1
bore,sad,2
bored,sad,2
boring,sad,3
bother,sad,2
bothered,sad,2
bothers,sad,2
bothersome,sad,2
boycott,sad,2
boycotted,sad,2
boycotting,sad,2
boycotts,sad,2
brainwashing,sad,3
brave,happy,2
breakthrough,happy,3
breathtaking,happy,5
bribe,sad,3
bright,happy,1
brightest,happy,2
brightness,happy,1
brilliant,happy,4
brisk,happy,2
broke,sad,1
broken,sad,1
brooding,sad,2
bullied,sad,2
bullshit,sad,4
bully,sad,2
bullying,sad,2
bummer,sad,2
buoyant,happy,2
burden,sad,2
burdened,sad,2
burdening,sad,2
burdens,sad,2
calm,happy,2
calmed,happy,2
calming,happy,2
calms,happy,2
cancel,sad,1
cancelled,sad,1
cancelling,sad,1
cancels,sad,1
cancer,sad,1
capable,happy,1
captivated,happy,3
care,happy,2
carefree,happy,1
careful,happy,2
carefully,happy,2
careless,sad,2
cares,happy,2
casualty,sad,2
catastrophe,sad,3
catastrophic,sad,4
cautious,sad,1
celebrate,happy,3
celebrated,happy,3
celebrates,happy,3
celebrating,happy,3
censor,sad,2
censored,sad,2
censors,sad,2
certain,happy,1
chagrin,sad,2
chagrined,sad,2
challenge,sad,1
chance,happy,2
chances,happy,2
chaos,sad,2
chaotic,sad,2
charged,sad,3
charges,sad,2
charm,happy,3
charming,happy,3
charmless,sad,3
chastise,sad,3
chastised,sad,3
chastises,sad,3
chastising,sad,3
cheat,sad,3
cheated,sad,3
cheater,sad,3
cheaters,sad,3
cheats,sad,3
cheer,happy,2
cheered,happy,2
cheerful,happy,2
cheering,happy,2
cheerless,sad,2
cheers,happy,2
cheery,happy,3
cherish,happy,2
cherished,happy,2
cherishes,happy,2
cherishing,happy,2
chic,happy,2
childish,sad,2
chilling,sad,1
choke,sad,2
choked,sad,2
chokes,sad,2
choking,sad,2
clarifies,happy,2
clarity,happy,2
clash,sad,2
classy,happy,3
clean,happy,2
cleaner,happy,2
clear,happy,1
cleared,happy,1
clearly,happy,1
clears,happy,1
clever,happy,2
clouded,sad,1
clueless,sad,2
cock,sad,5
cocksucker,sad,5
cocksuckers,sad,5
cocky,sad,2
coerced,sad,2
collapse,sad,2
collapsed,sad,2
collapses,sad,2
collapsing,sad,2
collide,sad,1
collides,sad,1
colliding,sad,1
collision,sad,2
collisions,sad,2
colluding,sad,3
combat,sad,1
combats,sad,1
comedy,happy,1
comfort,happy,2
comfortable,happy,2
comforting,happy,2
comforts,happy,2
commend,happy,2
commended,happy,2
commit,happy,1
commitment,happy,2
commits,happy,1
committed,happy,1
committing,happy,1
compassionate,happy,2
compelled,happy,1
competent,happy,2
competitive,happy,2
complacent,sad,2
complain,sad,2
complained,sad,2
complains,sad,2
comprehensive,happy,2
conciliate,happy,2
conciliated,happy,2
conciliates,happy,2
conciliating,happy,2
condemn,sad,2
condemnation,sad,2
condemned,sad,2
condemns,sad,2
confidence,happy,2
confident,happy,2
conflict,sad,2
conflicting,sad,2
conflictive,sad,2
conflicts,sad,2
confuse,sad,2
confused,sad,2
confusing,sad,2
congrats,happy,2
congratulate,happy,2
congratulation,happy,2
congratulations,happy,2
consent,happy,2
consents,happy,2
consolable,happy,2
conspiracy,sad,3
constrained,sad,2
contagion,sad,2
contagions,sad,2
contagious,sad,1
contempt,sad,2
contemptuous,sad,2
contemptuously,sad,2
contend,sad,1
contender,sad,1
contending,sad,1
contentious,sad,2
contestable,sad,2
controversial,sad,2
controversially,sad,2
convince,happy,1
convinced,happy,1
convinces,happy,1
convivial,happy,2
cool,happy,1
cornered,sad,2
corpse,sad,1
costly,sad,2
courage,happy,2
courageous,happy,2
courteous,happy,2
courtesy,happy,2
coward,sad,2
cowardly,sad,2
coziness,happy,2
cramp,sad,1
crap,sad,3
crash,sad,2
crazier,sad,2
craziest,sad,2
crazy,sad,2
creative,happy,2
crestfallen,sad,2
cried,sad,2
cries,sad,2
crime,sad,3
criminal,sad,3
criminals,sad,3
crisis,sad,3
critic,sad,2
criticism,sad,2
criticize,sad,2
criticized,sad,2
criticizes,sad,2
criticizing,sad,2
critics,sad,2
cruel,sad,3
cruelty,sad,3
crush,sad,1
crushed,sad,2
crushes,sad,1
crushing,sad,1
cry,sad,1
crying,sad,2
cunt,sad,5
curious,happy,1
curse,sad,1
cut,sad,1
cute,happy,2
cuts,sad,1
cutting,sad,1
cynic,sad,2
cynical,sad,2
cynicism,sad,2
damage,sad,3
damages,sad,3
damn,sad,4
damned,sad,4
damnit,sad,4
danger,sad,2
daredevil,happy,2
daring,happy,2
darkest,sad,2
darkness,sad,1
dauntless,happy,2
dead,sad,3
deadlock,sad,2
deafening,sad,1
dear,happy,2
dearly,happy,3
death,sad,2
debonair,happy,2
debt,sad,2
deceit,sad,3
deceitful,sad,3
deceive,sad,3
deceived,sad,3
deceives,sad,3
deceiving,sad,3
deception,sad,3
decisive,happy,1
dedicated,happy,2
defeated,sad,2
defect,sad,3
defects,sad,3
defender,happy,2
defenders,happy,2
defenseless,sad,2
defer,sad,1
deferring,sad,1
defiant,sad,1
deficit,sad,2
degrade,sad,2
degraded,sad,2
degrades,sad,2
dehumanize,sad,2
dehumanized,sad,2
dehumanizes,sad,2
dehumanizing,sad,2
deject,sad,2
dejected,sad,2
dejecting,sad,2
dejects,sad,2
delay,sad,1
delayed,sad,1
delight,happy,3
delighted,happy,3
delighting,happy,3
delights,happy,3
demand,sad,1
demanded,sad,1
demanding,sad,1
demands,sad,1
demonstration,sad,1
demoralized,sad,2
denied,sad,2
denier,sad,2
deniers,sad,2
denies,sad,2
denounce,sad,2
denounces,sad,2
deny,sad,2
denying,sad,2
depressed,sad,2
depressing,sad,2
derail,sad,2
derailed,sad,2
derails,sad,2
deride,sad,2
derided,sad,2
derides,sad,2
deriding,sad,2
derision,sad,2
desirable,happy,2
desire,happy,1
desired,happy,2
desirous,happy,2
despair,sad,3
despairing,sad,3
despairs,sad,3
desperate,sad,3
desperately,sad,3
despondent,sad,3
destroy,sad,3
destroyed,sad,3
destroying,sad,3
destroys,sad,3
destruction,sad,3
destructive,sad,3
detached,sad,1
detain,sad,2
detained,sad,2
detention,sad,2
determined,happy,2
devastate,sad,2
devastated,sad,2
devastating,sad,2
devoted,happy,3
diamond,happy,1
dick,sad,4
dickhead,sad,4
die,sad,3
died,sad,3
difficult,sad,1
diffident,sad,2
dilemma,sad,1
dipshit,sad,3
dire,sad,3
direful,sad,3
dirt,sad,2
dirtier,sad,2
dirtiest,sad,2
dirty,sad,2
disabling,sad,1
disadvantage,sad,2
disadvantaged,sad,2
disappear,sad,1
disappeared,sad,1
disappears,sad,1
disappoint,sad,2
disappointed,sad,2
disappointing,sad,2
disappointment,sad,2
disappointments,sad,2
disappoints,sad,2
disaster,sad,2
disasters,sad,2
disastrous,sad,3
disbelieve,sad,2
discard,sad,1
discarded,sad,1
discarding,sad,1
discards,sad,1
disconsolate,sad,2
disconsolation,sad,2
discontented,sad,2
discord,sad,2
discounted,sad,1
discouraged,sad,2
discredited,sad,2
disdain,sad,2
disgrace,sad,2
disgraced,sad,2
disguise,sad,1
disguised,sad,1
disguises,sad,1
disguising,sad,1
disgust,sad,3
disgusted,sad,3
disgusting,sad,3
disheartened,sad,2
dishonest,sad,2
disillusioned,sad,2
disinclined,sad,2
disjointed,sad,2
dislike,sad,2
dismal,sad,2
dismayed,sad,2
disorder,sad,2
disorganized,sad,2
disoriented,sad,2
disparage,sad,2
disparaged,sad,2
disparages,sad,2
disparaging,sad,2
displeased,sad,2
dispute,sad,2
disputed,sad,2
disputes,sad,2
disputing,sad,2
disqualified,sad,2
disquiet,sad,2
disregard,sad,2
disregarded,sad,2
disregarding,sad,2
disregards,sad,2
disrespect,sad,2
disrespected,sad,2
disruption,sad,2
disruptions,sad,2
disruptive,sad,2
dissatisfied,sad,2
distort,sad,2
distorted,sad,2
distorting,sad,2
distorts,sad,2
distract,sad,2
distracted,sad,2
distraction,sad,2
distracts,sad,2
distress,sad,2
distressed,sad,2
distresses,sad,2
distressing,sad,2
distrust,sad,3
distrustful,sad,3
disturb,sad,2
disturbed,sad,2
disturbing,sad,2
disturbs,sad,2
dithering,sad,2
dizzy,sad,1
dodging,sad,2
dodgy,sad,2
dolorous,sad,2
doom,sad,2
doomed,sad,2
doubt,sad,1
doubted,sad,1
doubtful,sad,1
doubting,sad,1
doubts,sad,1
douche,sad,3
douchebag,sad,3
downcast,sad,2
downhearted,sad,2
downside,sad,2
drag,sad,1
dragged,sad,1
drags,sad,1
drained,sad,2
dread,sad,2
dreaded,sad,2
dreadful,sad,3
dreading,sad,2
dream,happy,1
dreams,happy,1
dreary,sad,2
droopy,sad,2
drop,sad,1
drown,sad,2
drowned,sad,2
drowns,sad,2
drunk,sad,2
dubious,sad,2
dud,sad,2
dull,sad,2
dumb,sad,3
dumbass,sad,3
dump,sad,1
dumped,sad,2
dumps,sad,1
dupe,sad,2
duped,sad,2
dysfunction,sad,2
eager,happy,2
earnest,happy,2
ease,happy,2
easy,happy,1
ecstatic,happy,4
eerie,sad,2
eery,sad,2
effective,happy,2
effectively,happy,2
elated,happy,3
elation,happy,3
elegant,happy,2
elegantly,happy,2
embarrass,sad,2
embarrassed,sad,2
embarrasses,sad,2
embarrassing,sad,2
embarrassment,sad,2
embittered,sad,2
embrace,happy,1
emergency,sad,2
empathetic,happy,2
emptiness,sad,1
empty,sad,1
enchanted,happy,2
encourage,happy,2
encouraged,happy,2
encouragement,happy,2
encourages,happy,2
endorse,happy,2
endorsed,happy,2
endorsement,happy,2
endorses,happy,2
enemies,sad,2
enemy,sad,2
energetic,happy,2
engage,happy,1
engages,happy,1
engrossed,happy,1
enjoy,happy,2
enjoying,happy,2
enjoys,happy,2
enlighten,happy,2
enlightened,happy,2
enlightening,happy,2
enlightens,happy,2
ennui,sad,2
enrage,sad,2
enraged,sad,2
enrages,sad,2
enraging,sad,2
enrapture,happy,3
enslave,sad,2
enslaved,sad,2
enslaves,sad,2
ensure,happy,1
ensuring,happy,1
enterprising,happy,1
entertaining,happy,2
enthral,happy,3
enthusiastic,happy,3
entitled,happy,1
entrusted,happy,2
envies,sad,1
envious,sad,2
envy,sad,1
envying,sad,1
erroneous,sad,2
error,sad,2
errors,sad,2
escape,sad,1
escapes,sad,1
escaping,sad,1
esteemed,happy,2
ethical,happy,2
euphoria,happy,3
euphoric,happy,4
eviction,sad,1
evil,sad,3
exaggerate,sad,2
exaggerated,sad,2
exaggerates,sad,2
exaggerating,sad,2
exasperated,happy,2
excellence,happy,3
excellent,happy,3
excite,happy,3
excited,happy,3
excitement,happy,3
exciting,happy,3
exclude,sad,1
excluded,sad,2
exclusion,sad,1
exclusive,happy,2
excuse,sad,1
exempt,sad,1
exhausted,sad,2
exhilarated,happy,3
exhilarates,happy,3
exhilarating,happy,3
exonerate,happy,2
exonerated,happy,2
exonerates,happy,2
exonerating,happy,2
expand,happy,1
expands,happy,1
expel,sad,2
expelled,sad,2
expelling,sad,2
expels,sad,2
exploit,sad,2
exploited,sad,2
exploiting,sad,2
exploits,sad,2
exploration,happy,1
explorations,happy,1
expose,sad,1
exposed,sad,1
exposes,sad,1
exposing,sad,1
extend,happy,1
extends,happy,1
exuberant,happy,4
exultant,happy,3
exultantly,happy,3
fabulous,happy,4
fad,sad,2
fag,sad,3
faggot,sad,3
faggots,sad,3
fail,sad,2
failed,sad,2
failing,sad,2
fails,sad,2
failure,sad,2
failures,sad,2
fainthearted,sad,2
fair,happy,2
faith,happy,1
faithful,happy,3
fake,sad,3
fakes,sad,3
faking,sad,3
fallen,sad,2
falling,sad,1
falsified,sad,3
falsify,sad,3
fame,happy,1
fan,happy,3
fantastic,happy,4
farce,sad,1
fascinate,happy,3
fascinated,happy,3
fascinates,happy,3
fascinating,happy,3
fascist,sad,2
fascists,sad,2
fatalities,sad,3
fatality,sad,3
fatigue,sad,2
fatigued,sad,2
fatigues,sad,2
fatiguing,sad,2
favor,happy,2
favored,happy,2
favorite,happy,2
favorited,happy,2
favorites,happy,2
favors,happy,2
fear,sad,2
fearful,sad,2
fearing,sad,2
fearless,happy,2
fearsome,sad,2
feeble,sad,2
feeling,happy,1
felonies,sad,3
felony,sad,3
fervent,happy,2
fervid,happy,2
festive,happy,2
fiasco,sad,3
fidgety,sad,2
fight,sad,1
fine,happy,2
fire,sad,2
fired,sad,2
firing,sad,2
fit,happy,1
fitness,happy,1
flagship,happy,2
flees,sad,1
flop,sad,2
flops,sad,2
flu,sad,2
flustered,sad,2
focused,happy,2
fond,happy,2
fondness,happy,2
fool,sad,2
foolish,sad,2
fools,sad,2
forced,sad,1
foreclosure,sad,2
foreclosures,sad,2
forget,sad,1
forgetful,sad,2
forgive,happy,1
forgiving,happy,1
forgotten,sad,1
fortunate,happy,2
frantic,sad,1
fraud,sad,4
frauds,sad,4
fraudster,sad,4
fraudsters,sad,4
fraudulence,sad,4
fraudulent,sad,4
free,happy,1
freedom,happy,2
frenzy,sad,3
fresh,happy,1
friendly,happy,2
fright,sad,2
frightened,sad,2
frightening,sad,3
frikin,sad,2
frisky,happy,2
frowning,sad,1
frustrate,sad,2
frustrated,sad,2
frustrates,sad,2
frustrating,sad,2
frustration,sad,2
ftw,happy,3
fuck,sad,4
fucked,sad,4
fucker,sad,4
fuckers,sad,4
fuckface,sad,4
fuckhead,sad,4
fucking,sad,4
fucktard,sad,4
fud,sad,3
fuked,sad,4
fuking,sad,4
fulfill,happy,2
fulfilled,happy,2
fulfills,happy,2
fuming,sad,2
fun,happy,4
funeral,sad,1
funerals,sad,1
funky,happy,2
funnier,happy,4
funny,happy,4
furious,sad,3
futile,happy,2
gag,sad,2
gagged,sad,2
gain,happy,2
gained,happy,2
gaining,happy,2
gains,happy,2
gallant,happy,3
gallantly,happy,3
gallantry,happy,3
generous,happy,2
genial,happy,3
ghost,sad,1
giddy,sad,2
gift,happy,2
glad,happy,3
glamorous,happy,3
glamourous,happy,3
glee,happy,3
gleeful,happy,3
gloom,sad,1
gloomy,sad,2
glorious,happy,2
glory,happy,2
glum,sad,2
god,happy,1
goddamn,sad,3
godsend,happy,4
good,happy,3
goodness,happy,3
grace,happy,1
gracious,happy,3
grand,happy,3
grant,happy,1
granted,happy,1
granting,happy,1
grants,happy,1
grateful,happy,3
gratification,happy,2
grave,sad,2
gray,sad,1
great,happy,3
greater,happy,3
greatest,happy,3
greed,sad,3
greedy,sad,2
greenwash,sad,3
greenwasher,sad,3
greenwashers,sad,3
greenwashing,sad,3
greet,happy,1
greeted,happy,1
greeting,happy,1
greetings,happy,2
greets,happy,1
grey,sad,1
grief,sad,2
grieved,sad,2
gross,sad,2
growing,happy,1
growth,happy,2
guarantee,happy,1
guilt,sad,3
guilty,sad,3
gullibility,sad,2
gullible,sad,2
gun,sad,1
ha,happy,2
hacked,sad,1
haha,happy,3
hahaha,happy,3
hahahah,happy,3
hail,happy,2
hailed,happy,2
hapless,sad,2
haplessness,sad,2
happiness,happy,3
happy,happy,3
hard,sad,1
hardier,happy,2
hardship,sad,2
hardy,happy,2
harm,sad,2
harmed,sad,2
harmful,sad,2
harming,sad,2
harms,sad,2
harried,sad,2
harsh,sad,2
harsher,sad,2
harshest,sad,2
hate,sad,3
hated,sad,3
haters,sad,3
hates,sad,3
hating,sad,3
haunt,sad,1
haunted,sad,2
haunting,happy,1
haunts,sad,1
havoc,sad,2
healthy,happy,2
heartbreaking,sad,3
heartbroken,sad,3
heartfelt,happy,3
heaven,happy,2
heavenly,happy,4
heavyhearted,sad,2
hell,sad,4
help,happy,2
helpful,happy,2
helping,happy,2
helpless,sad,2
helps,happy,2
hero,happy,2
heroes,happy,2
heroic,happy,3
hesitant,sad,2
hesitate,sad,2
hid,sad,1
hide,sad,1
hides,sad,1
hiding,sad,1
highlight,happy,2
hilarious,happy,2
hindrance,sad,2
hoax,sad,2
homesick,sad,2
honest,happy,2
honor,happy,2
honored,happy,2
honoring,happy,2
honour,happy,2
honoured,happy,2
honouring,happy,2
hooligan,sad,2
hooliganism,sad,2
hooligans,sad,2
hope,happy,2
hopeful,happy,2
hopefully,happy,2
hopeless,sad,2
hopelessness,sad,2
hopes,happy,2
hoping,happy,2
horrendous,sad,3
horrible,sad,3
horrific,sad,3
horrified,sad,3
hostile,sad,2
huckster,sad,2
hug,happy,2
huge,happy,1
hugs,happy,2
humerous,happy,3
humiliated,sad,3
humiliation,sad,3
humor,happy,2
humorous,happy,2
humour,happy,2
humourous,happy,2
hunger,sad,2
hurrah,happy,5
hurt,sad,2
hurting,sad,2
hurts,sad,2
hypocritical,sad,2
hysteria,sad,3
hysterical,sad,3
hysterics,sad,3
idiot,sad,3
idiotic,sad,3
ignorance,sad,2
ignorant,sad,2
ignore,sad,1
ignored,sad,2
ignores,sad,1
ill,sad,2
illegal,sad,3
illiteracy,sad,2
illness,sad,2
illnesses,sad,2
imbecile,sad,3
immobilized,sad,1
immortal,happy,2
immune,happy,1
impatient,sad,2
imperfect,sad,2
importance,happy,2
important,happy,2
impose,sad,1
imposed,sad,1
imposes,sad,1
imposing,sad,1
impotent,sad,2
impress,happy,3
impressed,happy,3
impresses,happy,3
impressive,happy,3
imprisoned,sad,2
improve,happy,2
improved,happy,2
improvement,happy,2
improves,happy,2
improving,happy,2
inability,sad,2
inaction,sad,2
inadequate,sad,2
incapable,sad,2
incapacitated,sad,2
incensed,sad,2
incompetence,sad,2
incompetent,sad,2
inconsiderate,sad,2
inconvenience,sad,2
inconvenient,sad,2
increase,happy,1
increased,happy,1
indecisive,sad,2
indestructible,happy,2
indifference,sad,2
indifferent,sad,2
indignant,sad,2
indignation,sad,2
indoctrinate,sad,2
indoctrinated,sad,2
indoctrinates,sad,2
indoctrinating,sad,2
ineffective,sad,2
ineffectively,sad,2
infatuated,happy,2
infatuation,happy,2
infected,sad,2
inferior,sad,2
inflamed,sad,2
influential,happy,2
infringement,sad,2
infuriate,sad,2
infuriated,sad,2
infuriates,sad,2
infuriating,sad,2
inhibit,sad,1
injured,sad,2
injury,sad,2
injustice,sad,2
innovate,happy,1
innovates,happy,1
innovation,happy,1
innovative,happy,2
inquisition,sad,2
inquisitive,happy,2
insane,sad,2
insanity,sad,2
insecure,sad,2
insensitive,sad,2
insensitivity,sad,2
insignificant,sad,2
insipid,sad,2
inspiration,happy,2
inspirational,happy,2
inspire,happy,2
inspired,happy,2
inspires,happy,2
inspiring,happy,3
insult,sad,2
insulted,sad,2
insulting,sad,2
insults,sad,2
intact,happy,2
integrity,happy,2
intelligent,happy,2
intense,happy,1
interest,happy,1
interested,happy,2
interesting,happy,2
interests,happy,1
interrogated,sad,2
interrupt,sad,2
interrupted,sad,2
interrupting,sad,2
interruption,sad,2
interrupts,sad,2
intimidate,sad,2
intimidated,sad,2
intimidates,sad,2
intimidating,sad,2
intimidation,sad,2
intricate,happy,2
intrigues,happy,1
invincible,happy,2
invite,happy,1
inviting,happy,1
invulnerable,happy,2
irate,sad,3
ironic,sad,1
irony,sad,1
irrational,sad,1
irresistible,happy,2
irresolute,sad,2
irresponsible,happy,2
irreversible,sad,1
irritate,sad,3
irritated,sad,3
irritating,sad,3
isolated,sad,1
itchy,sad,2
jackass,sad,4
jackasses,sad,4
jailed,sad,2
jaunty,happy,2
jealous,sad,2
jeopardy,sad,2
jerk,sad,3
jesus,happy,1
jewel,happy,1
jewels,happy,1
jocular,happy,2
join,happy,1
joke,happy,2
jokes,happy,2
jolly,happy,2
jovial,happy,2
joy,happy,3
joyful,happy,3
joyfully,happy,3
joyless,sad,2
joyous,happy,3
jubilant,happy,3
jumpy,sad,1
justice,happy,2
justifiably,happy,2
justified,happy,2
keen,happy,1
kill,sad,3
killed,sad,3
killing,sad,3
kills,sad,3
kind,happy,2
kinder,happy,2
kiss,happy,2
kudos,happy,3
lack,sad,2
lackadaisical,sad,2
lag,sad,1
lagged,sad,2
lagging,sad,2
lags,sad,2
lame,sad,2
landmark,happy,2
laugh,happy,1
laughed,happy,1
laughing,happy,1
laughs,happy,1
laughting,happy,1
launched,happy,1
lawl,happy,3
lawsuit,sad,2
lawsuits,sad,2
lazy,sad,1
leak,sad,1
leaked,sad,1
leave,sad,1
legal,happy,1
legally,happy,1
lenient,happy,1
lethargic,sad,2
lethargy,sad,2
liar,sad,3
liars,sad,3
libelous,sad,2
lied,sad,2
lifesaver,happy,4
lighthearted,happy,1
like,happy,2
liked,happy,2
likes,happy,2
limitation,sad,1
limited,sad,1
limits,sad,1
litigation,sad,1
litigious,sad,2
lively,happy,2
livid,sad,2
lmao,happy,4
lmfao,happy,4
loathe,sad,3
loathed,sad,3
loathes,sad,3
loathing,sad,3
lobby,sad,2
lobbying,sad,2
lol,happy,3
lonely,sad,2
lonesome,sad,2
longing,sad,1
loom,sad,1
loomed,sad,1
looming,sad,1
looms,sad,1
loose,sad,3
looses,sad,3
loser,sad,3
losing,sad,3
loss,sad,3
lost,sad,3
lovable,happy,3
love,happy,3
loved,happy,3
lovelies,happy,3
lovely,happy,3
loving,happy,2
lowest,sad,1
loyal,happy,3
loyalty,happy,3
luck,happy,3
luckily,happy,3
lucky,happy,3
lugubrious,sad,2
lunatic,sad,3
lunatics,sad,3
lurk,sad,1
lurking,sad,1
lurks,sad,1
mad,sad,3
maddening,sad,3
madly,sad,3
madness,sad,3
mandatory,sad,1
manipulated,sad,1
manipulating,sad,1
manipulation,sad,1
marvel,happy,3
marvelous,happy,3
marvels,happy,3
masterpiece,happy,4
masterpieces,happy,4
matter,happy,1
matters,happy,1
mature,happy,2
meaningful,happy,2
meaningless,sad,2
medal,happy,3
mediocrity,sad,3
meditative,happy,1
melancholy,sad,2
menace,sad,2
menaced,sad,2
mercy,happy,2
merry,happy,3
mess,sad,2
messed,sad,2
methodical,happy,2
mindless,sad,2
miracle,happy,4
mirth,happy,3
mirthful,happy,3
mirthfully,happy,3
misbehave,sad,2
misbehaved,sad,2
misbehaves,sad,2
misbehaving,sad,2
mischief,sad,1
mischiefs,sad,1
miserable,sad,3
misery,sad,2
misgiving,sad,2
misinformation,sad,2
misinformed,sad,2
misinterpreted,sad,2
misleading,sad,3
misread,sad,1
misreporting,sad,2
misrepresentation,sad,2
miss,sad,2
missed,sad,2
missing,sad,2
mistake,sad,2
mistaken,sad,2
mistakes,sad,2
mistaking,sad,2
misunderstand,sad,2
misunderstanding,sad,2
misunderstands,sad,2
misunderstood,sad,2
moan,sad,2
moaned,sad,2
moaning,sad,2
moans,sad,2
mock,sad,2
mocked,sad,2
mocking,sad,2
mocks,sad,2
mongering,sad,2
monopolize,sad,2
monopolized,sad,2
monopolizes,sad,2
monopolizing,sad,2
moody,sad,1
mope,sad,1
moping,sad,1
moron,sad,3
motherfucker,sad,5
motherfucking,sad,5
motivate,happy,1
motivated,happy,2
motivating,happy,2
motivation,happy,1
mourn,sad,2
mourned,sad,2
mournful,sad,2
mourning,sad,2
mourns,sad,2
mumpish,sad,2
murder,sad,2
murderer,sad,2
murdering,sad,3
murderous,sad,3
murders,sad,2
myth,sad,1
naive,sad,2
nasty,sad,3
natural,happy,1
needy,sad,2
negative,sad,2
negativity,sad,2
neglect,sad,2
neglected,sad,2
neglecting,sad,2
neglects,sad,2
nerves,sad,1
nervous,sad,2
nervously,sad,2
nice,happy,3
nifty,happy,2
niggas,sad,5
nigger,sad,5
no,sad,1
noble,happy,2
noisy,sad,1
nonsense,sad,2
noob,sad,2
nosey,sad,2
notorious,sad,2
novel,happy,2
numb,sad,1
nuts,sad,3
obliterate,sad,2
obliterated,sad,2
obnoxious,sad,3
obscene,sad,2
obsessed,happy,2
obsolete,sad,2
obstacle,sad,2
obstacles,sad,2
obstinate,sad,2
odd,sad,2
offend,sad,2
offended,sad,2
offender,sad,2
offending,sad,2
offends,sad,2
offline,sad,1
oks,happy,2
ominous,happy,3
opportunities,happy,2
opportunity,happy,2
oppressed,sad,2
oppressive,sad,2
optimism,happy,2
optimistic,happy,2
optionless,sad,2
outcry,sad,2
outmaneuvered,sad,2
outrage,sad,3
outraged,sad,3
outreach,happy,2
outstanding,happy,5
overjoyed,happy,4
overload,sad,1
overlooked,sad,1
overreact,sad,2
overreacted,sad,2
overreaction,sad,2
overreacts,sad,2
oversell,sad,2
overselling,sad,2
oversells,sad,2
oversimplification,sad,2
oversimplified,sad,2
oversimplifies,sad,2
oversimplify,sad,2
overstatement,sad,2
overstatements,sad,2
overweight,sad,1
oxymoron,sad,1
pain,sad,2
pained,sad,2
panic,sad,3
panicked,sad,3
panics,sad,3
paradise,happy,3
paradox,sad,1
pardon,happy,2
pardoned,happy,2
pardoning,happy,2
pardons,happy,2
parley,sad,1
passionate,happy,2
passive,sad,1
passively,sad,1
pathetic,sad,2
pay,sad,1
peace,happy,2
peaceful,happy,2
peacefully,happy,2
penalty,sad,2
pensive,sad,1
perfect,happy,3
perfected,happy,2
perfectly,happy,3
perfects,happy,2
peril,sad,2
perjury,sad,3
perpetrator,sad,2
perpetrators,sad,2
perplexed,sad,2
persecute,sad,2
persecuted,sad,2
persecutes,sad,2
persecuting,sad,2
perturbed,sad,2
pesky,sad,2
pessimism,sad,2
pessimistic,sad,2
petrified,sad,2
phobic,sad,2
picturesque,happy,2
pileup,sad,1
pique,sad,2
piqued,sad,2
piss,sad,4
pissed,sad,4
pissing,sad,3
piteous,sad,2
pitied,sad,1
pity,sad,2
playful,happy,2
pleasant,happy,3
please,happy,1
pleased,happy,3
pleasure,happy,3
poised,sad,2
poison,sad,2
poisoned,sad,2
poisons,sad,2
pollute,sad,2
polluted,sad,2
polluter,sad,2
polluters,sad,2
pollutes,sad,2
poor,sad,2
poorer,sad,2
poorest,sad,2
popular,happy,3
positive,happy,2
positively,happy,2
possessive,sad,2
postpone,sad,1
postponed,sad,1
postpones,sad,1
postponing,sad,1
poverty,sad,1
powerful,happy,2
powerless,sad,2
praise,happy,3
praised,happy,3
praises,happy,3
praising,happy,3
pray,happy,1
praying,happy,1
prays,happy,1
prblm,sad,2
prblms,sad,2
prepared,happy,1
pressure,sad,1
pressured,sad,2
pretend,sad,1
pretending,sad,1
pretends,sad,1
pretty,happy,1
prevent,sad,1
prevented,sad,1
preventing,sad,1
prevents,sad,1
prick,sad,5
prison,sad,2
prisoner,sad,2
prisoners,sad,2
privileged,happy,2
proactive,happy,2
problem,sad,2
problems,sad,2
profiteer,sad,2
progress,happy,2
prominent,happy,2
promise,happy,1
promised,happy,1
promises,happy,1
promote,happy,1
promoted,happy,1
promotes,happy,1
promoting,happy,1
propaganda,sad,2
prosecute,sad,1
prosecuted,sad,2
prosecutes,sad,1
prosecution,sad,1
prospect,happy,1
prospects,happy,1
prosperous,happy,3
protect,happy,1
protected,happy,1
protects,happy,1
protest,sad,2
protesters,sad,2
protesting,sad,2
protests,sad,2
proud,happy,2
proudly,happy,2
provoke,sad,1
provoked,sad,1
provokes,sad,1
provoking,sad,1
pseudoscience,sad,3
punish,sad,2
punished,sad,2
punishes,sad,2
punitive,sad,2
pushy,sad,1
puzzled,sad,2
quaking,sad,2
questionable,sad,2
questioned,sad,1
questioning,sad,1
racism,sad,3
racist,sad,3
racists,sad,3
rage,sad,2
rageful,sad,2
rainy,sad,1
rant,sad,3
ranter,sad,3
ranters,sad,3
rants,sad,3
rape,sad,4
rapist,sad,4
rapture,happy,2
raptured,happy,2
raptures,happy,2
rapturous,happy,4
rash,sad,2
ratified,happy,2
reach,happy,1
reached,happy,1
reaches,happy,1
reaching,happy,1
reassure,happy,1
reassured,happy,1
reassures,happy,1
reassuring,happy,2
rebellion,sad,2
recession,sad,2
reckless,sad,2
recommend,happy,2
recommended,happy,2
recommends,happy,2
redeemed,happy,2
refuse,sad,2
refused,sad,2
refusing,sad,2
regret,sad,2
regretful,sad,2
regrets,sad,2
regretted,sad,2
regretting,sad,2
reject,sad,1
rejected,sad,1
rejecting,sad,1
rejects,sad,1
rejoice,happy,4
rejoiced,happy,4
rejoices,happy,4
rejoicing,happy,4
relaxed,happy,2
relentless,sad,1
reliant,happy,2
relieve,happy,1
relieved,happy,2
relieves,happy,1
relieving,happy,2
relishing,happy,2
remarkable,happy,2
remorse,sad,2
repulse,sad,1
repulsed,sad,2
rescue,happy,2
rescued,happy,2
rescues,happy,2
resentful,sad,2
resign,sad,1
resigned,sad,1
resigning,sad,1
resigns,sad,1
resolute,happy,2
resolve,happy,2
resolved,happy,2
resolves,happy,2
resolving,happy,2
respected,happy,2
responsible,happy,2
responsive,happy,2
restful,happy,2
restless,sad,2
restore,happy,1
restored,happy,1
restores,happy,1
restoring,happy,1
restrict,sad,2
restricted,sad,2
restricting,sad,2
restriction,sad,2
restricts,sad,2
retained,sad,1
retard,sad,2
retarded,sad,2
retreat,sad,1
revenge,sad,2
revengeful,sad,2
revered,happy,2
revive,happy,2
revives,happy,2
reward,happy,2
rewarded,happy,2
rewarding,happy,2
rewards,happy,2
rich,happy,2
ridiculous,sad,3
rig,sad,1
rigged,sad,1
rigorous,happy,3
rigorously,happy,3
riot,sad,2
riots,sad,2
risk,sad,2
risks,sad,2
rob,sad,2
robber,sad,2
robed,sad,2
robing,sad,2
robs,sad,2
robust,happy,2
rofl,happy,4
roflcopter,happy,4
roflmao,happy,4
romance,happy,2
rotfl,happy,4
rotflmfao,happy,4
rotflol,happy,4
ruin,sad,2
ruined,sad,2
ruining,sad,2
ruins,sad,2
sabotage,sad,2
sad,sad,2
sadden,sad,2
saddened,sad,2
sadly,sad,2
safe,happy,1
safely,happy,1
safety,happy,1
salient,happy,1
sappy,sad,1
sarcastic,sad,2
satisfied,happy,2
save,happy,2
saved,happy,2
scam,sad,2
scams,sad,2
scandal,sad,3
scandalous,sad,3
scandals,sad,3
scapegoat,sad,2
scapegoats,sad,2
scare,sad,2
scared,sad,2
scary,sad,2
sceptical,sad,2
scold,sad,2
scoop,happy,3
scorn,sad,2
scornful,sad,2
scream,sad,2
screamed,sad,2
screaming,sad,2
screams,sad,2
screwed,sad,2
scumbag,sad,4
secure,happy,2
secured,happy,2
secures,happy,2
sedition,sad,2
seditious,sad,2
seduced,sad,1
selfish,sad,3
selfishness,sad,3
sentence,sad,2
sentenced,sad,2
sentences,sad,2
sentencing,sad,2
serene,happy,2
severe,sad,2
sexy,happy,3
shaky,sad,2
shame,sad,2
shamed,sad,2
shameful,sad,2
share,happy,1
shared,happy,1
shares,happy,1
shattered,sad,2
shit,sad,4
shithead,sad,4
shitty,sad,3
shock,sad,2
shocked,sad,2
shocking,sad,2
shocks,sad,2
shoot,sad,1
shortage,sad,2
shortages,sad,2
shrew,sad,4
shy,sad,1
sick,sad,2
sigh,sad,2
significance,happy,1
significant,happy,1
silencing,sad,1
silly,sad,1
sincere,happy,2
sincerely,happy,2
sincerest,happy,2
sincerity,happy,2
sinful,sad,3
singleminded,sad,2
skeptic,sad,2
skeptical,sad,2
skepticism,sad,2
skeptics,sad,2
slam,sad,2
slash,sad,2
slashed,sad,2
slashes,sad,2
slashing,sad,2
slavery,sad,3
sleeplessness,sad,2
slick,happy,2
slicker,happy,2
slickest,happy,2
sluggish,sad,2
slut,sad,5
smart,happy,1
smarter,happy,2
smartest,happy,2
smear,sad,2
smile,happy,2
smiled,happy,2
smiles,happy,2
smiling,happy,2
smog,sad,2
sneaky,sad,1
snub,sad,2
snubbed,sad,2
snubbing,sad,2
snubs,sad,2
sobering,happy,1
solemn,sad,1
solid,happy,2
solidarity,happy,2
solution,happy,1
solutions,happy,1
solve,happy,1
solved,happy,1
solves,happy,1
solving,happy,1
somber,sad,2
soothe,happy,3
soothed,happy,3
soothing,happy,3
sophisticated,happy,2
sore,sad,1
sorrow,sad,2
sorrowful,sad,2
sorry,sad,1
spam,sad,2
spammer,sad,3
spammers,sad,3
spamming,sad,2
spark,happy,1
sparkle,happy,3
sparkles,happy,3
sparkling,happy,3
speculative,sad,2
spirit,happy,1
spirited,happy,2
spiritless,sad,2
spiteful,sad,2
splendid,happy,3
sprightly,happy,2
squelched,sad,1
stab,sad,2
stabbed,sad,2
stable,happy,2
stabs,sad,2
stall,sad,2
stalled,sad,2
stalling,sad,2
stamina,happy,2
stampede,sad,2
startled,sad,2
starve,sad,2
starved,sad,2
starves,sad,2
starving,sad,2
steadfast,happy,2
steal,sad,2
steals,sad,2
stereotype,sad,2
stereotyped,sad,2
stifled,sad,1
stimulate,happy,1
stimulated,happy,1
stimulates,happy,1
stimulating,happy,2
stingy,sad,2
stolen,sad,2
stop,sad,1
stopped,sad,1
stopping,sad,1
stops,sad,1
stout,happy,2
straight,happy,1
strange,sad,1
strangely,sad,1
strangled,sad,2
strength,happy,2
strengthen,happy,2
strengthened,happy,2
strengthening,happy,2
strengthens,happy,2
stressed,sad,2
stressor,sad,2
stressors,sad,2
stricken,sad,2
strike,sad,1
strikers,sad,2
strikes,sad,1
strong,happy,2
stronger,happy,2
strongest,happy,2
struck,sad,1
struggle,sad,2
struggled,sad,2
struggles,sad,2
struggling,sad,2
stubborn,sad,2
stuck,sad,2
stunned,sad,2
stunning,happy,4
stupid,sad,2
stupidly,sad,2
suave,happy,2
substantial,happy,1
substantially,happy,1
subversive,sad,2
success,happy,2
successful,happy,3
suck,sad,3
sucks,sad,3
suffer,sad,2
suffering,sad,2
suffers,sad,2
suicidal,sad,2
suicide,sad,2
suing,sad,2
sulking,sad,2
sulky,sad,2
sullen,sad,2
sunshine,happy,2
super,happy,3
superb,happy,5
superior,happy,2
support,happy,2
supported,happy,2
supporter,happy,1
supporters,happy,1
supporting,happy,1
supportive,happy,2
supports,happy,2
survived,happy,2
surviving,happy,2
survivor,happy,2
suspect,sad,1
suspected,sad,1
suspecting,sad,1
suspects,sad,1
suspend,sad,1
suspended,sad,1
suspicious,sad,2
swear,sad,2
swearing,sad,2
swears,sad,2
sweet,happy,2
swift,happy,2
swiftly,happy,2
swindle,sad,3
swindles,sad,3
swindling,sad,3
sympathetic,happy,2
sympathy,happy,2
tard,sad,2
tears,sad,2
tender,happy,2
tense,sad,2
tension,sad,1
terrible,sad,3
terribly,sad,3
terrific,happy,4
terrified,sad,3
terror,sad,3
terrorize,sad,3
terrorized,sad,3
terrorizes,sad,3
thank,happy,2
thankful,happy,2
thanks,happy,2
thorny,sad,2
thoughtful,happy,2
thoughtless,sad,2
threat,sad,2
threaten,sad,2
threatened,sad,2
threatening,sad,2
threatens,sad,2
threats,sad,2
thrilled,happy,5
thwart,sad,2
thwarted,sad,2
thwarting,sad,2
thwarts,sad,2
timid,sad,2
timorous,sad,2
tired,sad,2
tits,sad,2
tolerant,happy,2
toothless,sad,2
top,happy,2
tops,happy,2
torn,sad,2
torture,sad,4
tortured,sad,4
tortures,sad,4
torturing,sad,4
totalitarian,sad,2
totalitarianism,sad,2
tout,sad,2
touted,sad,2
touting,sad,2
touts,sad,2
tragedy,sad,2
tragic,sad,2
tranquil,happy,2
trap,sad,1
trapped,sad,2
trauma,sad,3
traumatic,sad,3
travesty,sad,2
treason,sad,3
treasonous,sad,3
treasure,happy,2
treasures,happy,2
trembling,sad,2
tremulous,sad,2
tricked,sad,2
trickery,sad,2
triumph,happy,4
triumphant,happy,4
trouble,sad,2
troubled,sad,2
troubles,sad,2
true,happy,2
trust,happy,1
trusted,happy,2
tumor,sad,2
twat,sad,5
ugly,sad,3
unacceptable,sad,2
unappreciated,sad,2
unapproved,sad,2
unaware,sad,2
unbelievable,sad,1
unbelieving,sad,1
unbiased,happy,2
uncertain,sad,1
unclear,sad,1
uncomfortable,sad,2
unconcerned,sad,2
unconfirmed,sad,1
unconvinced,sad,1
uncredited,sad,1
undecided,sad,1
underestimate,sad,1
underestimated,sad,1
underestimates,sad,1
underestimating,sad,1
undermine,sad,2
undermined,sad,2
undermines,sad,2
undermining,sad,2
undeserving,sad,2
undesirable,sad,2
uneasy,sad,2
unemployment,sad,2
unequal,sad,1
unequaled,happy,2
unethical,sad,2
unfair,sad,2
unfocused,sad,2
unfulfilled,sad,2
unhappy,sad,2
unhealthy,sad,2
unified,happy,1
unimpressed,sad,2
unintelligent,sad,2
united,happy,1
unjust,sad,2
unlovable,sad,2
unloved,sad,2
unmatched,happy,1
unmotivated,sad,2
unprofessional,sad,2
unresearched,sad,2
unsatisfied,sad,2
unsecured,sad,2
unsettled,sad,1
unsophisticated,sad,2
unstable,sad,2
unstoppable,happy,2
unsupported,sad,2
unsure,sad,1
untarnished,happy,2
unwanted,sad,2
unworthy,sad,2
upset,sad,2
upsets,sad,2
upsetting,sad,2
uptight,sad,2
urgent,sad,1
useful,happy,2
usefulness,happy,2
useless,sad,2
uselessness,sad,2
vague,sad,2
validate,happy,1
validated,happy,1
validates,happy,1
validating,happy,1
verdict,sad,1
verdicts,sad,1
vested,happy,1
vexation,sad,2
vexing,sad,2
vibrant,happy,3
vicious,sad,2
victim,sad,3
victimize,sad,3
victimized,sad,3
victimizes,sad,3
victimizing,sad,3
victims,sad,3
vigilant,happy,3
vile,sad,3
vindicate,happy,2
vindicated,happy,2
vindicates,happy,2
vindicating,happy,2
violate,sad,2
violated,sad,2
violates,sad,2
violating,sad,2
violence,sad,3
violent,sad,3
virtuous,happy,2
virulent,sad,2
vision,happy,1
visionary,happy,3
visioning,happy,1
visions,happy,1
vitality,happy,3
vitamin,happy,1
vitriolic,sad,3
vivacious,happy,3
vociferous,sad,1
vulnerability,sad,2
vulnerable,sad,2
walkout,sad,2
walkouts,sad,2
wanker,sad,3
want,happy,1
war,sad,2
warfare,sad,2
warm,happy,1
warmth,happy,2
warn,sad,2
warned,sad,2
warning,sad,3
warnings,sad,3
warns,sad,2
waste,sad,1
wasted,sad,2
wasting,sad,2
wavering,sad,1
weak,sad,2
weakness,sad,2
wealth,happy,3
wealthy,happy,2
weary,sad,2
weep,sad,2
weeping,sad,2
weird,sad,2
welcome,happy,2
welcomed,happy,2
welcomes,happy,2
whimsical,happy,1
whitewash,sad,3
whore,sad,4
wicked,sad,2
widowed,sad,1
willingness,happy,2
win,happy,4
winner,happy,4
winning,happy,4
wins,happy,4
winwin,happy,3
wish,happy,1
wishes,happy,1
wishing,happy,1
withdrawal,sad,3
woebegone,sad,2
woeful,sad,3
won,happy,3
wonderful,happy,4
woo,happy,3
woohoo,happy,3
wooo,happy,4
woow,happy,4
worn,sad,1
worried,sad,3
worry,sad,3
worrying,sad,3
worse,sad,3
worsen,sad,3
worsened,sad,3
worsening,sad,3
worsens,sad,3
worshiped,happy,3
worst,sad,3
worth,happy,2
worthless,sad,2
worthy,happy,2
wow,happy,4
wowow,happy,4
wowww,happy,4
wrathful,sad,3
wreck,sad,2
wrong,sad,2
wronged,sad,2
wtf,sad,4
yeah,happy,1
yearning,happy,1
yeees,happy,2
yes,happy,1
youthful,happy,2
yucky,sad,2
yummy,happy,3
zealot,sad,2
zealots,sad,2
zealous,happy,2